<Actor type="Grid" resource="actors\grid.xml">

	<TransformComponent>
		<Position x="0" y="0" z="0"/>
		<YawPitchRoll x="0" y="0" z="0"/>
	</TransformComponent>
	
    <PhysicsComponent>
        <Shape>Box</Shape>
        <Density>Infinite</Density>
        <PhysicsMaterial>Normal</PhysicsMaterial>
        <RigidBodyTransform>
			<Scale x="50" y="0.01" z="50" />  
		</RigidBodyTransform>
    </PhysicsComponent>
	
    <GridRenderComponent>
        <Color r="0.9" g="0.4" b="0.6" a="1.0"/>
        <Texture>art\grid.jpg</Texture>
		<Division>100</Division>
    </GridRenderComponent>

</Actor>